<TextureAtlas imagePath="square_nodetailsOutline.png">
	<SubTexture name="bear.png" x="272" y="272" width="136" height="136"/>
	<SubTexture name="buffalo.png" x="544" y="544" width="136" height="136"/>
	<SubTexture name="chick.png" x="544" y="408" width="136" height="136"/>
	<SubTexture name="chicken.png" x="544" y="272" width="136" height="136"/>
	<SubTexture name="cow.png" x="544" y="136" width="136" height="136"/>
	<SubTexture name="crocodile.png" x="544" y="0" width="136" height="136"/>
	<SubTexture name="dog.png" x="408" y="680" width="136" height="136"/>
	<SubTexture name="duck.png" x="408" y="544" width="136" height="136"/>
	<SubTexture name="elephant.png" x="408" y="408" width="136" height="136"/>
	<SubTexture name="frog.png" x="408" y="272" width="136" height="136"/>
	<SubTexture name="giraffe.png" x="408" y="136" width="136" height="136"/>
	<SubTexture name="goat.png" x="408" y="0" width="136" height="136"/>
	<SubTexture name="gorilla.png" x="272" y="680" width="136" height="136"/>
	<SubTexture name="hippo.png" x="272" y="544" width="136" height="136"/>
	<SubTexture name="horse.png" x="272" y="408" width="136" height="136"/>
	<SubTexture name="monkey.png" x="544" y="680" width="136" height="136"/>
	<SubTexture name="moose.png" x="272" y="136" width="136" height="136"/>
	<SubTexture name="narwhal.png" x="272" y="0" width="136" height="136"/>
	<SubTexture name="owl.png" x="136" y="680" width="136" height="136"/>
	<SubTexture name="panda.png" x="136" y="544" width="136" height="136"/>
	<SubTexture name="parrot.png" x="136" y="408" width="136" height="136"/>
	<SubTexture name="penguin.png" x="136" y="272" width="136" height="136"/>
	<SubTexture name="pig.png" x="136" y="136" width="136" height="136"/>
	<SubTexture name="rabbit.png" x="136" y="0" width="136" height="136"/>
	<SubTexture name="rhino.png" x="0" y="680" width="136" height="136"/>
	<SubTexture name="sloth.png" x="0" y="544" width="136" height="136"/>
	<SubTexture name="snake.png" x="0" y="408" width="136" height="136"/>
	<SubTexture name="walrus.png" x="0" y="272" width="136" height="136"/>
	<SubTexture name="whale.png" x="0" y="136" width="136" height="136"/>
	<SubTexture name="zebra.png" x="0" y="0" width="136" height="136"/>
</TextureAtlas>